project_id,commit_id,commit_date,method_name,change_type,effect_size,effect_size_interpretation,refactorings,median_change_percentage,github_commit_url
jctools,72c55e5bee5ed05e47c5f997f8d4bc9d736659d1,1526901267,"public int org.jctools.queues.BaseLinkedQueue<E>.drain(Consumer<E> c, int limit)",unchanged,0.094022807,negligible,Change Method Access Modifier,-6.515362793,https://github.com/JCTools/JCTools/commit/72c55e5bee5ed05e47c5f997f8d4bc9d736659d1
jctools,72c55e5bee5ed05e47c5f997f8d4bc9d736659d1,1526901267,"public int org.jctools.queues.BaseSpscLinkedArrayQueue<E>.fill(Supplier<E> s, int limit)",regression,-0.524989059,large,Change Method Access Modifier,45.61937760792964,https://github.com/JCTools/JCTools/commit/72c55e5bee5ed05e47c5f997f8d4bc9d736659d1
jctools,72c55e5bee5ed05e47c5f997f8d4bc9d736659d1,1526901267,final long org.jctools.queues.MpscArrayQueueConsumerIndexField<E>.lpConsumerIndex(),unchanged,-0.130413659,negligible,Change Method Access Modifier,1.024390243902439,https://github.com/JCTools/JCTools/commit/72c55e5bee5ed05e47c5f997f8d4bc9d736659d1
jctools,72c55e5bee5ed05e47c5f997f8d4bc9d736659d1,1526901267,public final long org.jctools.queues.BaseMpscLinkedArrayQueueConsumerFields<E>.lvConsumerIndex(),unchanged,0.0228539878317874,negligible,Add Method Annotation + Change Method Access Modifier,-0.660883932,https://github.com/JCTools/JCTools/commit/72c55e5bee5ed05e47c5f997f8d4bc9d736659d1
jctools,72c55e5bee5ed05e47c5f997f8d4bc9d736659d1,1526901267,public final long org.jctools.queues.BaseMpscLinkedArrayQueueProducerFields<E>.lvProducerIndex(),improvement,0.2292903521584694,small,Add Method Annotation,-14.41263015,https://github.com/JCTools/JCTools/commit/72c55e5bee5ed05e47c5f997f8d4bc9d736659d1
jctools,4db7bd71c4a70093eeafc4545668a7d227d940d0,1451570626,public boolean org.jctools.sets.IdentityOpenHashSet<E>.contains(Object needle),unchanged,-0.089175876,negligible,Change Variable Type,0.6403940886699507,https://github.com/JCTools/JCTools/commit/4db7bd71c4a70093eeafc4545668a7d227d940d0
jctools,4db7bd71c4a70093eeafc4545668a7d227d940d0,1451570626,public boolean org.jctools.sets.IdentityOpenHashSet<E>.remove(Object val),unchanged,-0.142123238,negligible,Change Variable Type,0.8880118401578688,https://github.com/JCTools/JCTools/commit/4db7bd71c4a70093eeafc4545668a7d227d940d0
jctools,03df0a555ac7a7429c1a8f41294b079d0b4ac7c7,1451488430,public boolean org.jctools.sets.IdentityOpenHashSet<E>.remove(Object val),unchanged,-0.007541768,negligible,Add Variable Modifier,0.1948368241597662,https://github.com/JCTools/JCTools/commit/03df0a555ac7a7429c1a8f41294b079d0b4ac7c7
jctools,efcb60756ad75ef70e8e9ae603cf7c65cd46423d,1527252207,"public int org.jctools.queues.MpmcArrayQueue<E>.fill(Supplier<E> s, int limit)",improvement,0.2329400562873055,small,Extract Method,-7.867543448,https://github.com/JCTools/JCTools/commit/efcb60756ad75ef70e8e9ae603cf7c65cd46423d
jctools,efcb60756ad75ef70e8e9ae603cf7c65cd46423d,1527252207,"public int org.jctools.queues.MpmcArrayQueue<E>.drain(Consumer<E> c, int limit)",regression,-0.230131639,small,Extract Method,6.155451225873762,https://github.com/JCTools/JCTools/commit/efcb60756ad75ef70e8e9ae603cf7c65cd46423d
jctools,9a44566e30a4b1a81a7dde714bcf9c3fff0abb48,1409836265,protected final void org.jctools.channels.spsc.SpscOffHeapFixedSizeRingBuffer.writeRelease(long offset),unchanged,-0.066193176,negligible,Extract Method,1.2522361359570662,https://github.com/JCTools/JCTools/commit/9a44566e30a4b1a81a7dde714bcf9c3fff0abb48
jctools,9a44566e30a4b1a81a7dde714bcf9c3fff0abb48,1409836265,protected final void org.jctools.channels.spsc.SpscOffHeapFixedSizeRingBuffer.readRelease(long offset),unchanged,-0.027173989,negligible,Extract Method,0.7153502235469449,https://github.com/JCTools/JCTools/commit/9a44566e30a4b1a81a7dde714bcf9c3fff0abb48
jctools,bbe02aa58fcba15198de1ff5f5a3add656372b9a,1506872320,public boolean org.jctools.sets.SingleWriterHashSet<E>.contains(Object needle),unchanged,0.1203469532521276,negligible,Extract Method,-3.627720791,https://github.com/JCTools/JCTools/commit/bbe02aa58fcba15198de1ff5f5a3add656372b9a
jctools,0ef3df124c06efd365de4a1fa20a0bd74b85d9d0,1480035856,"public static <E> ProxyChannel<E> org.jctools.channels.proxy.ProxyChannelFactory.createSpscProxy(int capacity, Class<E> iFace, WaitStrategy waitStrategy)",unchanged,-0.287037037,small,Extract Method,50.021808152466086,https://github.com/JCTools/JCTools/commit/0ef3df124c06efd365de4a1fa20a0bd74b85d9d0
simpleflatmapper,223ed1b2a7424b4fce1d14e7b85875987bcf04ae,1545324667,"public void org.simpleflatmapper.reflect.meta.AbstractIndexPropertyFinder<T>.lookForProperties( PropertyNameMatcher propertyNameMatcher, Object[] properties, FoundProperty<T> matchingProperties, PropertyMatchingScore score, boolean allowSelfReference, PropertyFinderTransformer propertyFinderTransformer, TypeAffinityScorer typeAffinityScorer, Predicate<PropertyMeta<?, ?>> propertyFilter)",unchanged,-0.010077254,negligible,Add Parameter + Change Parameter Type,-0.291796042,https://github.com/arnaudroger/SimpleFlatMapper/commit/223ed1b2a7424b4fce1d14e7b85875987bcf04ae
simpleflatmapper,223ed1b2a7424b4fce1d14e7b85875987bcf04ae,1545324667,"public final <E> PropertyMeta<T, E> org.simpleflatmapper.reflect.meta.PropertyFinder<T>.findProperty(PropertyNameMatcher propertyNameMatcher, Object[] properties, TypeAffinityScorer typeAffinity, PropertyFinderProbe propertyFinderProbe, Predicate<PropertyMeta<?, ?>> propertyFilter)",unchanged,-0.000454564,negligible,Change Parameter Type + Add Parameter,15.086124806906914,https://github.com/arnaudroger/SimpleFlatMapper/commit/223ed1b2a7424b4fce1d14e7b85875987bcf04ae
simpleflatmapper,44c4a25d2add7e3a225ed7167532c1818a2ba3d2,1479331815,public final void org.simpleflatmapper.csv.parser.CharConsumer.finish(CellConsumer cellConsumer),unchanged,-0.145035548,negligible,Inline Method,1.398264223722276,https://github.com/arnaudroger/SimpleFlatMapper/commit/44c4a25d2add7e3a225ed7167532c1818a2ba3d2
simpleflatmapper,6ef7785ddd157a014f79af09ab8baa750a8e0049,1566913234,public PropertyMatchingScore org.simpleflatmapper.reflect.meta.PropertyMatchingScore.matches(String property),regression,-1.0,large,Extract Method + Extract Variable ,205.18867924528303,https://github.com/arnaudroger/SimpleFlatMapper/commit/6ef7785ddd157a014f79af09ab8baa750a8e0049
simpleflatmapper,0e437f4397bbb103b89c2609765a503077974109,1557600470,public final boolean org.simpleflatmapper.lightningcsv.parser.ReaderCharBuffer.shiftAndRead(int shiftFrom),unchanged,0.031469779,negligible,Extract Method + Inline Variable,-0.244271257,https://github.com/arnaudroger/SimpleFlatMapper/commit/0e437f4397bbb103b89c2609765a503077974109
simpleflatmapper,b94104b54b303c70b139aab0667286c0b0b73537,1548160604,public Object org.simpleflatmapper.map.context.impl.BreakDetector<S>.getValue(),regression,-0.352529799,medium,Extract Method,6.375838926174497,https://github.com/arnaudroger/SimpleFlatMapper/commit/b94104b54b303c70b139aab0667286c0b0b73537
simpleflatmapper,b94104b54b303c70b139aab0667286c0b0b73537,1548160604,public void org.simpleflatmapper.map.context.impl.BreakDetector<S>.setValue(Object value),regression,-0.400359055,medium,Extract Method,6.271268838113758,https://github.com/arnaudroger/SimpleFlatMapper/commit/b94104b54b303c70b139aab0667286c0b0b73537
simpleflatmapper,90b68a388057d89ffbe5469f3c9717fb715f9bfb,1720731287,"public AbstractCharConsumer org.simpleflatmapper.lightningcsv.impl.AsmCharConsumerFactory.newCharConsumer(TextFormat textFormat, CharBuffer charBuffer, CellPreProcessor cellTransformer, boolean specialisedCharConsumer)",unchanged,-0.005767364,negligible,Extract Method + Change Variable Type,0.084961767,https://github.com/arnaudroger/SimpleFlatMapper/commit/90b68a388057d89ffbe5469f3c9717fb715f9bfb
simpleflatmapper,61e3f299a6ca2e1f779b7a0c83ae7d4a8790aa41,1542870298,"public static int org.simpleflatmapper.csv.CsvRow.parseInt(char[] chars, int from, int len)",regression,-0.277972971,small,Extract Method,3.007518796992481,https://github.com/arnaudroger/SimpleFlatMapper/commit/61e3f299a6ca2e1f779b7a0c83ae7d4a8790aa41
simpleflatmapper,8f6e1fe45273747e755fda6ac82894eaa997c35a,1558612048,public final boolean org.simpleflatmapper.lightningcsv.parser.ReaderCharBuffer.shiftAndRead(int shiftFrom),regression,-0.253290902,small,Inline Method + Extract Variable ,7.739063436349627,https://github.com/arnaudroger/SimpleFlatMapper/commit/8f6e1fe45273747e755fda6ac82894eaa997c35a
simpleflatmapper,c847105c7d867d36fea813f4fdb21055d337a69e,1542215758,public <T> ClassMeta<T> org.simpleflatmapper.map.impl.DiscriminatorReflectionService.getClassMeta(Type target),unchanged,0.001853057,negligible,Extract Method,4.997336174746937,https://github.com/arnaudroger/SimpleFlatMapper/commit/c847105c7d867d36fea813f4fdb21055d337a69e
simpleflatmapper,f60f4691427c3e5b9516d9bafeff743a1aa98311,1572982307,public boolean org.simpleflatmapper.reflect.DefaultReflectionService.selfScoreFullName(),unchanged,-0.088688479,negligible,Add Method Annotation,1.6435986159169549,https://github.com/arnaudroger/SimpleFlatMapper/commit/f60f4691427c3e5b9516d9bafeff743a1aa98311
simpleflatmapper,f60f4691427c3e5b9516d9bafeff743a1aa98311,1572982307,public static PropertyMatchingScore org.simpleflatmapper.reflect.meta.PropertyMatchingScore.newInstance(boolean selfScoreFullName),unchanged,-0.051297733,negligible,Add Method Annotation,0.8460236886632826,https://github.com/arnaudroger/SimpleFlatMapper/commit/f60f4691427c3e5b9516d9bafeff743a1aa98311
simpleflatmapper,f60f4691427c3e5b9516d9bafeff743a1aa98311,1572982307,public int org.simpleflatmapper.reflect.meta.PropertyMatchingScore.compareTo(PropertyMatchingScore o),unchanged,-0.128476407,negligible,Extract Method,2.3376623376623376,https://github.com/arnaudroger/SimpleFlatMapper/commit/f60f4691427c3e5b9516d9bafeff743a1aa98311
simpleflatmapper,9cc6457461a748daa9463727a296b66eea7d7cbc,1477430261,protected final CharConsumer charConsumer(CharBuffer charBuffer),regression,-0.46056326,medium,Extract Method,2.129767211490837,https://github.com/arnaudroger/SimpleFlatMapper/commit/9cc6457461a748daa9463727a296b66eea7d7cbc
simpleflatmapper,9cc6457461a748daa9463727a296b66eea7d7cbc,1477430261,public final void org.simpleflatmapper.csv.parser.CharConsumer.finish(CellConsumer cellConsumer),regression,-0.46651038,medium,Extract Method,2.186421173762946,https://github.com/arnaudroger/SimpleFlatMapper/commit/9cc6457461a748daa9463727a296b66eea7d7cbc
simpleflatmapper,a094ff893a37c7e3a22c30cff33bb2914e235b0a,1573056864,"public <S1, S2, T> BiInstantiator<S1, S2, T> org.simpleflatmapper.reflect.InstantiatorFactory.getBiInstantiator(InstantiatorDefinition instantiatorDefinition, Class<?> s1, Class<?> s2, Map<Parameter, BiFunction<? super S1, ? super S2, ?>> injections, boolean useAsmIfEnabled, boolean builderIgnoresNullValues)",unchanged,0.081316017,negligible,Extract Variable,-2.765957447,https://github.com/arnaudroger/SimpleFlatMapper/commit/a094ff893a37c7e3a22c30cff33bb2914e235b0a
simpleflatmapper,b64fc34917bad69e44e965a4b79112bb9d7885ff,1561451139,private boolean org.simpleflatmapper.reflect.meta.ObjectPropertyFinder<T>.disallowSelfReference(Object[] properties),unchanged,-0.0834717,negligible,Extract Method,0.786308973,https://github.com/arnaudroger/SimpleFlatMapper/commit/b64fc34917bad69e44e965a4b79112bb9d7885ff
simpleflatmapper,70ea034333aa47e5e54753f764ae4d493f13e03d,1480342034,public final void org.simpleflatmapper.csv.parser.CharConsumer.finish(CellConsumer cellConsumer),regression,-0.193530359,small,Inline Method,1.5632633121641426,https://github.com/arnaudroger/SimpleFlatMapper/commit/70ea034333aa47e5e54753f764ae4d493f13e03d
simpleflatmapper,4829d56226146977e23dde18fd8440edb30d5c5f,1572887853,private <T> ClassMeta<T> org.simpleflatmapper.map.impl.DiscriminatorReflectionService.newClassMeta(Type target),unchanged,-0.014978056,negligible,Extract Method + Change Variable Type ,0.4534185075160259,https://github.com/arnaudroger/SimpleFlatMapper/commit/4829d56226146977e23dde18fd8440edb30d5c5f
objenesis,2597f94790d1a4b3891b9b2f3ef0c237071f521e,1538708004,public <T> ObjectInstantiator<T> org.objenesis.strategy.SerializingInstantiatorStrategy.newInstantiatorOf(Class<T> type),unchanged,0.000541615,negligible,Change Variable Type,0.6586329706786359,https://github.com/easymock/objenesis/commit/2597f94790d1a4b3891b9b2f3ef0c237071f521e
objenesis,2597f94790d1a4b3891b9b2f3ef0c237071f521e,1538708004,private static Object org.objenesis.instantiator.sun.SunReflectionFactoryHelper.createReflectionFactory(Class<?> reflectionFactoryClass),unchanged,-0.124699396,negligible,Change Variable Type,10.714285714285714,https://github.com/easymock/objenesis/commit/2597f94790d1a4b3891b9b2f3ef0c237071f521e
objenesis,2597f94790d1a4b3891b9b2f3ef0c237071f521e,1538708004,"public static <T> Constructor<T> org.objenesis.instantiator.sun.SunReflectionFactoryHelper.newConstructorForSerialization(Class<T> type, Constructor<?> constructor)",unchanged,0.015881845877309,negligible,Change Variable Type,-2.323166133,https://github.com/easymock/objenesis/commit/2597f94790d1a4b3891b9b2f3ef0c237071f521e
apm-agent-java,965c6567186b91c179314570270ebff62a46f130,1669227122,public boolean co.elastic.apm.agent.logging.Log4j2LoggerBridge.isDebugEnabled(),unchanged,0.081576515,negligible,Extract Method,-2.597402597,https://github.com/elastic/apm-agent-java/commit/965c6567186b91c179314570270ebff62a46f130
apm-agent-java,965c6567186b91c179314570270ebff62a46f130,1669227122,public boolean co.elastic.apm.agent.logging.Log4j2LoggerBridge.isTraceEnabled(),improvement,0.1493150557337763,small,Extract Method,-3.703703704,https://github.com/elastic/apm-agent-java/commit/965c6567186b91c179314570270ebff62a46f130
apm-agent-java,965c6567186b91c179314570270ebff62a46f130,1669227122,public boolean co.elastic.apm.agent.logging.Log4j2LoggerBridge.isInfoEnabled(),unchanged,0.1354804978988448,negligible,Extract Method,-1.998710509,https://github.com/elastic/apm-agent-java/commit/965c6567186b91c179314570270ebff62a46f130
apm-agent-java,3365a0e47948355de849535f70120a23115ecacf,1654096259,public void co.elastic.apm.agent.impl.transaction.Span.beforeEnd(long epochMicros),unchanged,-0.024430542,negligible,Change Variable Type,1.1363636363636365,https://github.com/elastic/apm-agent-java/commit/3365a0e47948355de849535f70120a23115ecacf
apm-agent-java,50bb1f1632da89c5d4f029e7d7b48a8d4d45c5ef,1669208693,public ReportingEventType co.elastic.apm.agent.report.ReportingEvent.getType(),unchanged,-0.102583924,negligible,Remove Method Annotation,1.9230769230769231,https://github.com/elastic/apm-agent-java/commit/50bb1f1632da89c5d4f029e7d7b48a8d4d45c5ef
apm-agent-java,36ff1f18db1c89ec9c2bb185035fa162ce6de9f9,1622187133,"public static <K, V> WeakConcurrentMap<K, V> co.elastic.apm.agent.sdk.weakmap.WeakMapSupplier.createMap()",unchanged,-0.03515625,negligible,Extract Method,1.5409374371353852,https://github.com/elastic/apm-agent-java/commit/36ff1f18db1c89ec9c2bb185035fa162ce6de9f9
apm-agent-java,36ff1f18db1c89ec9c2bb185035fa162ce6de9f9,1622187133,public static void co.elastic.apm.agent.bci.ElasticApmAgent.validateAdvice(Class<?> adviceClass),unchanged,-0.333333333,medium,Extract Method,13.505033856907406,https://github.com/elastic/apm-agent-java/commit/36ff1f18db1c89ec9c2bb185035fa162ce6de9f9
apm-agent-java,6da304319315cfe4041a8ec5b50cc6f976965eab,1667376101,"public DynamicType.Builder<?> co.elastic.apm.agent.bci.ElasticApmAgent.transform(DynamicType.Builder<?> builder, TypeDescription typeDescription, ClassLoader classLoader, JavaModule module, ProtectionDomain protectionDomain)",regression,-0.22605364,small,Extract Variable,5.347299359486759,https://github.com/elastic/apm-agent-java/commit/6da304319315cfe4041a8ec5b50cc6f976965eab
apm-agent-java,259ebf52dac8ea5136e54b6aecb246b3ffe8fe2c,1689001983,private void co.elastic.apm.agent.report.serialize.DslJsonSerializer.waitForMetadata(),unchanged,0.1903114186851211,small,Inline Variable,-12.06110001,https://github.com/elastic/apm-agent-java/commit/259ebf52dac8ea5136e54b6aecb246b3ffe8fe2c
apm-agent-java,e060ca730692db0af81d29c025a3535867c7681c,1680705271,public synchronized void co.elastic.apm.agent.report.serialize.DslJsonSerializer.blockUntilReady(),unchanged,0.1215686274509803,negligible,Extract Variable,3.783333333333333,https://github.com/elastic/apm-agent-java/commit/e060ca730692db0af81d29c025a3535867c7681c
apm-agent-java,0eac0af814b8686772c6d4e2212f4231524fa8ce,1663228708,public Transaction co.elastic.apm.agent.impl.ElasticApmTracer.currentTransaction(),regression,-0.177162193,small,Inline Variable,6.04026845637584,https://github.com/elastic/apm-agent-java/commit/0eac0af814b8686772c6d4e2212f4231524fa8ce
apm-agent-java,940e717ad9662d5009f6e6b6bd14f66c5bd896f0,1519943657,public void co.elastic.apm.impl.stacktrace.CurrentThreadStackTraceFactory.fillStackTrace(List<Stacktrace> stacktrace),regression,-0.999693669,large,Extract Method,67.83463961887199,https://github.com/elastic/apm-agent-java/commit/940e717ad9662d5009f6e6b6bd14f66c5bd896f0
apm-agent-java,45857cea69a82ac97d5f1bee266f58fbedddb43e,1563187137,public void co.elastic.apm.agent.slf4j.Slf4JMdcActivationListener.beforeActivate(TraceContextHolder<?> context),unchanged,0.102237666888346,negligible,Extract Method,-0.993676603,https://github.com/elastic/apm-agent-java/commit/45857cea69a82ac97d5f1bee266f58fbedddb43e
apm-agent-java,45857cea69a82ac97d5f1bee266f58fbedddb43e,1563187137,public void co.elastic.apm.agent.slf4j.Slf4JMdcActivationListener.afterDeactivate(),unchanged,0.083771434,negligible,Extract Method,-0.823798627,https://github.com/elastic/apm-agent-java/commit/45857cea69a82ac97d5f1bee266f58fbedddb43e
apm-agent-java,83c698172889d68b49e25da02e9f4693ae8e367e,1569492985,public Transaction co.elastic.apm.agent.impl.ElasticApmTracer.currentTransaction(),improvement,0.2903786648200895,small,Extract Variable,-3.537841469,https://github.com/elastic/apm-agent-java/commit/83c698172889d68b49e25da02e9f4693ae8e367e
apm-agent-java,5a9bfac1e2698b06bb985b0358270022690788eb,1524635513,private void co.elastic.apm.report.serialize.DslJsonSerializer.serializeSpanContext(SpanContext context),unchanged,0.007128349,negligible,Inline Method,0.689797889,https://github.com/elastic/apm-agent-java/commit/5a9bfac1e2698b06bb985b0358270022690788eb
apm-agent-java,8aaaf6a87be4dd5c172004f309e0f8ddd1f8474a,1563365870,private HttpURLConnection co.elastic.apm.agent.report.IntakeV2ReportingEventHandler.startRequest(),improvement,0.3928571428571428,medium,Add Variable Modifier,-3.422349089,https://github.com/elastic/apm-agent-java/commit/8aaaf6a87be4dd5c172004f309e0f8ddd1f8474a
apm-agent-java,9448f60455b00ebdf682e24bd5e9759b3e05e734,1557307019,private void co.elastic.apm.agent.report.serialize.DslJsonSerializer.writeLongStringValue(String value),regression,-1.0,large,Extract Method,177.8797996661102,https://github.com/elastic/apm-agent-java/commit/9448f60455b00ebdf682e24bd5e9759b3e05e734
apm-agent-java,8e44cb51b862572d08ff6c0e44e5fbb5529fd159,1563443208,"public void co.elastic.apm.agent.jdbc.signature.SignatureParser.querySignature(String query, StringBuilder signature, boolean preparedStatement)",unchanged,-0.026445012,negligible,Extract Method + Change Variable Type,0.2396335729669063,https://github.com/elastic/apm-agent-java/commit/8e44cb51b862572d08ff6c0e44e5fbb5529fd159
apm-agent-java,f9da8c2ad7df10a4e051533921bd3906fab8c998,1521640413,public Transaction co.elastic.apm.impl.ElasticApmTracer.startTransaction(),unchanged,0.0293886166739048,negligible,Add Method Annotation,-3.812614074,https://github.com/elastic/apm-agent-java/commit/f9da8c2ad7df10a4e051533921bd3906fab8c998
apm-agent-java,86184c5440887feb03d69dda41e30dfc4ce78e34,1688995490,public ElasticContext<?> co.elastic.apm.agent.impl.ActiveStack.currentContext(),unchanged,0.047316514,negligible,Remove Method Annotation,-1.978862154,https://github.com/elastic/apm-agent-java/commit/86184c5440887feb03d69dda41e30dfc4ce78e34
apm-agent-java,86184c5440887feb03d69dda41e30dfc4ce78e34,1688995490,public AbstractSpan<?> co.elastic.apm.agent.impl.ElasticApmTracer.getActive(),unchanged,-0.018088763,negligible,Inline Variable,-1.271965297,https://github.com/elastic/apm-agent-java/commit/86184c5440887feb03d69dda41e30dfc4ce78e34
apm-agent-java,86184c5440887feb03d69dda41e30dfc4ce78e34,1688995490,"public static <HttpServletRequest, HttpServletResponse, ServletContext, ServletContextEvent, FilterConfig, ServletConfig> Object co.elastic.apm.agent.servlet.ServletApiAdvice.onServletEnter( ServletApiAdapter<HttpServletRequest, HttpServletResponse, ServletContext, ServletContextEvent, FilterConfig, ServletConfig> adapter, Object servletRequest)",unchanged,0.009971212,negligible,Change Variable Type,-9.382675013,https://github.com/elastic/apm-agent-java/commit/86184c5440887feb03d69dda41e30dfc4ce78e34
apm-agent-java,69656a0a6185c659a0235f96c43bf7b30979a28e,1524636739,public Transaction co.elastic.apm.impl.ElasticApmTracer.startTransaction(),improvement,0.4806164149453646,large,Extract Method,-59.08402138,https://github.com/elastic/apm-agent-java/commit/69656a0a6185c659a0235f96c43bf7b30979a28e
apm-agent-java,69656a0a6185c659a0235f96c43bf7b30979a28e,1524636739,public Span co.elastic.apm.impl.ElasticApmTracer.startSpan(),improvement,0.4610595267897104,medium,Extract Method,-45.23346584,https://github.com/elastic/apm-agent-java/commit/69656a0a6185c659a0235f96c43bf7b30979a28e
apm-agent-java,69656a0a6185c659a0235f96c43bf7b30979a28e,1524636739,public void co.elastic.apm.impl.transaction.Span.end(),improvement,0.4518344261872006,medium,Add Parameter,-51.21214332,https://github.com/elastic/apm-agent-java/commit/69656a0a6185c659a0235f96c43bf7b30979a28e
apm-agent-java,25eb0dd6c72ea07d7491894d90ef506dda3b98a9,1521357971,public void co.elastic.apm.impl.ElasticApmTracer.recycle(Transaction transaction),regression,-0.18208491,small,Extract Method,22.26548099351233,https://github.com/elastic/apm-agent-java/commit/25eb0dd6c72ea07d7491894d90ef506dda3b98a9
jetty,6201d3b1072b05d9e683377f5741f467a44089fa,1627600116,private void org.eclipse.jetty.util.thread.ReservedThreadExecutor.startReservedThread(),unchanged,0.0241172887377381,negligible,Extract Variable + Change Variable Type,-0.447828034,https://github.com/eclipse/jetty.project/commit/6201d3b1072b05d9e683377f5741f467a44089fa
jetty,6201d3b1072b05d9e683377f5741f467a44089fa,1627600116,public boolean org.eclipse.jetty.util.thread.ReservedThreadExecutor.tryExecute(Runnable task),unchanged,0.009461969,negligible,Extract Variable,-0.169635284,https://github.com/eclipse/jetty.project/commit/6201d3b1072b05d9e683377f5741f467a44089fa
jetty,6201d3b1072b05d9e683377f5741f467a44089fa,1627600116,public void org.eclipse.jetty.util.thread.ReservedThreadExecutor.doStop(),unchanged,-0.37037037,medium,Change Variable Type,29.320605225039703,https://github.com/eclipse/jetty.project/commit/6201d3b1072b05d9e683377f5741f467a44089fa
jetty,750584bc853d9ba300f8d3fb2433158f0968ebbf,1708549380,"private void org.eclipse.jetty.io.ArrayByteBufferPool.reserve(RetainedBucket bucket, RetainableByteBuffer buffer)",regression,-0.940972222,large,Inline Variable,66.75868590427966,https://github.com/eclipse/jetty.project/commit/750584bc853d9ba300f8d3fb2433158f0968ebbf
jetty,750584bc853d9ba300f8d3fb2433158f0968ebbf,1708549380,"private void org.eclipse.jetty.io.ArrayByteBufferPool.release(RetainedBucket bucket, Pool.Entry<RetainableByteBuffer> entry)",unchanged,0.001839234,negligible,Extract Method + Inline Variable,0.0,https://github.com/eclipse/jetty.project/commit/750584bc853d9ba300f8d3fb2433158f0968ebbf
jetty,4a6c2744a0d4ff404daee0a521e88ae386356e06,1659028056,protected Queue<HttpExchange> org.eclipse.jetty.client.HttpDestination.newExchangeQueue(HttpClient client),unchanged,0.1911111111111111,small,Extract Variable,-2.136239234,https://github.com/eclipse/jetty.project/commit/4a6c2744a0d4ff404daee0a521e88ae386356e06
jetty,e80063112045ed95263a3c00e0a18d671e04d833,1699565570,public Entry<P> org.eclipse.jetty.util.ConcurrentPool<P>.acquire(),unchanged,-0.01908636,negligible,Extract Method + Extract Variable ,2.860775588048315,https://github.com/eclipse/jetty.project/commit/e80063112045ed95263a3c00e0a18d671e04d833
jetty,551710e9bbb1a917dea38c4bcfde3ab08455a1e6,1725314296,void org.eclipse.jetty.server.internal.HttpConnection.releaseRequestBuffer(),unchanged,-0.014376793,negligible,Extract Variable,1.7921146953405016,https://github.com/eclipse/jetty.project/commit/551710e9bbb1a917dea38c4bcfde3ab08455a1e6
jetty,c55363d43f6a2e0c9e20c16c7a7e3f427df877df,1692895426,public String org.eclipse.jetty.util.DateCache.formatNow(long now),unchanged,-0.006610902,negligible,Add Method Annotation,0.2717391304347826,https://github.com/eclipse/jetty.project/commit/c55363d43f6a2e0c9e20c16c7a7e3f427df877df
jetty,aa09b8b7bda7ec28544cac509da6d8b084c8edd7,1638155180,"private ByteBufferPool.Bucket org.eclipse.jetty.io.ArrayByteBufferPool.bucketFor(int capacity, boolean direct)",regression,-0.210382552,small,Inline Variable + Extract Variable,1.238591916558018,https://github.com/eclipse/jetty.project/commit/aa09b8b7bda7ec28544cac509da6d8b084c8edd7
jetty,80f912a121855749dc42c7866b03ed75f75cc9aa,1709656454,private void org.eclipse.jetty.http.HttpParser.quickStart(ByteBuffer buffer),improvement,0.3035787353688744,small,Extract Method,-43.98559424,https://github.com/eclipse/jetty.project/commit/80f912a121855749dc42c7866b03ed75f75cc9aa
jetty,83154b4ffe4767ef44981598d6c26e6a5d32e57c,1669041594,private void org.eclipse.jetty.util.thread.strategy.AdaptiveExecutionStrategy.execute(Runnable task),unchanged,0.0468587964186983,negligible,Extract Variable,-2.913961039,https://github.com/eclipse/jetty.project/commit/83154b4ffe4767ef44981598d6c26e6a5d32e57c
jetty,d744d097dec29ee0285c1ec17acf11f6484b38cc,1562167448,private boolean org.eclipse.jetty.util.component.ContainerLifeCycle.remove(Bean bean),unchanged,0.2238095238095238,small,Add Variable Modifier,-9.624834128,https://github.com/eclipse/jetty.project/commit/d744d097dec29ee0285c1ec17acf11f6484b38cc
jetty,2b817f06c64a26003cdbaa25a3769c1c8b9178cf,1656895110,"public ByteBuffer org.eclipse.jetty.io.ArrayByteBufferPool.acquire(int size, boolean direct)",unchanged,0.093119671,negligible,Change Variable Type,-1.232314012,https://github.com/eclipse/jetty.project/commit/2b817f06c64a26003cdbaa25a3769c1c8b9178cf
jetty,2b817f06c64a26003cdbaa25a3769c1c8b9178cf,1656895110,public void org.eclipse.jetty.io.ArrayByteBufferPool.release(ByteBuffer buffer),unchanged,0.1022793951826174,negligible,Change Variable Type,-1.060396496,https://github.com/eclipse/jetty.project/commit/2b817f06c64a26003cdbaa25a3769c1c8b9178cf
jetty,de13ceff3619777dc1213a4dddc40d79ceedb3dd,1662036341,public Entry org.eclipse.jetty.util.Pool<T>.reserve(),regression,-0.486979167,large,Extract Variable,8.699260350617614,https://github.com/eclipse/jetty.project/commit/de13ceff3619777dc1213a4dddc40d79ceedb3dd
netty,8f7ef1cabb5442584e56a9e79bcb9696bc572a94,1554795412,"private void io.netty.channel.AbstractChannelHandlerContext.write(Object msg, boolean flush, ChannelPromise promise)",unchanged,0.1194275441903951,negligible,Add Variable Modifier,-8.360369354,https://github.com/netty/netty/commit/8f7ef1cabb5442584e56a9e79bcb9696bc572a94
netty,8280252d0e80e5e844215234732a7cda4862e260,1568285665,"static int io.netty.channel.epoll.Native.epollWait(FileDescriptor epollFd, EpollEventArray events, boolean immediatePoll)",improvement,0.9757597380856696,large,Inline Method,-55.79159744,https://github.com/netty/netty/commit/8280252d0e80e5e844215234732a7cda4862e260
netty,6e0d22335d3419d91ae60cb40811a0faa25bed50,1591085270,"private int io.netty.buffer.CompositeByteBuf.addComponent0(boolean increaseWriterIndex, int cIndex, ByteBuf buffer)",regression,-0.328217456,small,Extract Method,41.82282968622415,https://github.com/netty/netty/commit/6e0d22335d3419d91ae60cb40811a0faa25bed50
netty,ee7027288ec5f3d688be3cee45a521a5786ccf71,1576259305,"private static ByteBuf io.netty.handler.codec.ByteToMessageDecoder.expandCumulation(ByteBufAllocator alloc, ByteBuf oldCumulation, ByteBuf in)",improvement,0.2059971592343759,small,Change Method Access Modifier,-2.283619961,https://github.com/netty/netty/commit/ee7027288ec5f3d688be3cee45a521a5786ccf71
netty,b82258b72fdf4c733d9c4a641c6b8725b036485f,1578630084,private void io.netty.util.ResourceLeakDetector<T>.reportLeak(),unchanged,0.099343213,negligible,Extract Method,-1.045655376,https://github.com/netty/netty/commit/b82258b72fdf4c733d9c4a641c6b8725b036485f
netty,1039f69e53792ff58f3f61f5ab6f7b89ef1fecf0,1567425137,private void io.netty.buffer.CompositeByteBuf.consolidateIfNeeded(),improvement,0.4248366013071895,medium,Extract Method,-36.07649805,https://github.com/netty/netty/commit/1039f69e53792ff58f3f61f5ab6f7b89ef1fecf0
netty,c41d46111dc37aaf9c8ee7aec162d87221df1d70,1606645786,private int io.netty.buffer.PoolChunk<T>.runFirstBestFit(int pageIdx),unchanged,0.1092448701925682,negligible,Change Variable Type,-1.546157344,https://github.com/netty/netty/commit/c41d46111dc37aaf9c8ee7aec162d87221df1d70
netty,c41d46111dc37aaf9c8ee7aec162d87221df1d70,1606645786,private long io.netty.buffer.PoolChunk<T>.allocateRun(int runSize),improvement,0.1537414714697106,small,Change Variable Type,-3.961965135,https://github.com/netty/netty/commit/c41d46111dc37aaf9c8ee7aec162d87221df1d70
netty,c41d46111dc37aaf9c8ee7aec162d87221df1d70,1606645786,private long io.netty.buffer.PoolChunk<T>.collapsePast(long handle),improvement,0.2024418791485829,small,Change Variable Type,-5.419942077,https://github.com/netty/netty/commit/c41d46111dc37aaf9c8ee7aec162d87221df1d70
netty,c41d46111dc37aaf9c8ee7aec162d87221df1d70,1606645786,private long io.netty.buffer.PoolChunk<T>.collapseNext(long handle),unchanged,0.061604847,negligible,Change Variable Type,-0.421743205,https://github.com/netty/netty/commit/c41d46111dc37aaf9c8ee7aec162d87221df1d70
netty,c8c45cfa4c9632578a772ebcad1edfae431b1011,1630511306,"public int io.netty.buffer.AbstractByteBufAllocator.calculateNewCapacity(int minNewCapacity, int maxCapacity)",unchanged,-0.077830236,negligible,Add Variable Modifier,1.0999007608336089,https://github.com/netty/netty/commit/c8c45cfa4c9632578a772ebcad1edfae431b1011
netty,2af769f6dc76e3aad88a52c345689d739a9130a2,1561118735,"public static int io.netty.buffer.ByteBufUtil.writeUtf8(ByteBuf buf, CharSequence seq)",improvement,0.7367362918435267,large,Extract Variable,-58.93298111,https://github.com/netty/netty/commit/2af769f6dc76e3aad88a52c345689d739a9130a2
netty,fedf3ccecb80ddccd05da2d02e76d669fe2c219c,1543476752,private boolean io.netty.buffer.AbstractReferenceCountedByteBuf.release0(int decrement),unchanged,0.0169169857507522,negligible,Extract Method,-0.163309744,https://github.com/netty/netty/commit/fedf3ccecb80ddccd05da2d02e76d669fe2c219c
netty,fedf3ccecb80ddccd05da2d02e76d669fe2c219c,1543476752,int io.netty.buffer.AbstractReferenceCountedByteBuf.internalRefCnt(),unchanged,-0.029231104,negligible,Extract Method,0.088691796,https://github.com/netty/netty/commit/fedf3ccecb80ddccd05da2d02e76d669fe2c219c
netty,fedf3ccecb80ddccd05da2d02e76d669fe2c219c,1543476752,public int io.netty.buffer.AbstractReferenceCountedByteBuf.refCnt(),unchanged,-0.056656529,negligible,Remove Method Modifier,0.8189262966333031,https://github.com/netty/netty/commit/fedf3ccecb80ddccd05da2d02e76d669fe2c219c
netty,948d4a9ec58aef092c84eb76e672fd06e81cc13c,1548701138,public ChannelHandlerContext io.netty.channel.AbstractChannelHandlerContext.read(),unchanged,0.095999446,negligible,Change Variable Type,-3.943361754,https://github.com/netty/netty/commit/948d4a9ec58aef092c84eb76e672fd06e81cc13c
netty,948d4a9ec58aef092c84eb76e672fd06e81cc13c,1548701138,public ChannelHandlerContext io.netty.channel.AbstractChannelHandlerContext.flush(),unchanged,-0.068727003,negligible,Change Variable Type,0.6142677649029736,https://github.com/netty/netty/commit/948d4a9ec58aef092c84eb76e672fd06e81cc13c
netty,4db38b4e0c734b9cdaf0591dd0c5b3f4d4f11ea4,1565936289,"void io.netty.buffer.PoolArena<T>.reallocate(PooledByteBuf<T> buf, int newCapacity, boolean freeOldMemory)",unchanged,0.1408327118809804,negligible,Extract Variable,-1.774287376,https://github.com/netty/netty/commit/4db38b4e0c734b9cdaf0591dd0c5b3f4d4f11ea4
netty,9563d2bd61cabc4558246a6b6986d8769e32829e,1602788517,"void io.netty.buffer.PoolChunk<T>.free(long handle, int normCapacity, ByteBuffer nioBuffer)",unchanged,-0.140350877,negligible,Extract Variable,7.163990087011583,https://github.com/netty/netty/commit/9563d2bd61cabc4558246a6b6986d8769e32829e
netty,7fce06a0d1f76865b1494fde99697c31a8a1f92f,1583228561,private AbstractChannelHandlerContext io.netty.channel.AbstractChannelHandlerContext.findContextInbound(int mask),unchanged,0.0512880647274035,negligible,Extract Method,-2.014652015,https://github.com/netty/netty/commit/7fce06a0d1f76865b1494fde99697c31a8a1f92f
netty,7fce06a0d1f76865b1494fde99697c31a8a1f92f,1583228561,private AbstractChannelHandlerContext io.netty.channel.AbstractChannelHandlerContext.findContextOutbound(int mask),unchanged,0.1286253515320329,negligible,Extract Method,-3.645364536,https://github.com/netty/netty/commit/7fce06a0d1f76865b1494fde99697c31a8a1f92f
zipkin,09a441f4b4e8734058e8d023367f826b845e9dea,1557619654,"public static boolean zipkin2.internal.Proto3Codec.readList(byte[] bytes, Collection<Span> out)",improvement,0.1962881805422236,small,Change Variable Type,-1.500320739,https://github.com/openzipkin/zipkin/commit/09a441f4b4e8734058e8d023367f826b845e9dea
zipkin,b0f22b5bd0f29dd1539cb797129fb1d61dd7b3de,1477473056,public static long zipkin.internal.Util.lowerHexToUnsignedLong(String lowerHex),unchanged,0.1451612903225806,negligible,Extract Method,-10.00281452,https://github.com/openzipkin/zipkin/commit/b0f22b5bd0f29dd1539cb797129fb1d61dd7b3de
zipkin,d985e932aa8b700b82c39859adbc4b3ef2c0ca1b,1563533797,public HttpCall<Void> zipkin2.elasticsearch.internal.BulkCallBuilder.build(),improvement,0.3067179476200558,small,Add Variable Modifier,-14.88367747,https://github.com/openzipkin/zipkin/commit/d985e932aa8b700b82c39859adbc4b3ef2c0ca1b
zipkin,d3a83b8883e336b9566b73e03d9cfdceceaa4530,1497510433,Buffer zipkin.internal.Buffer.writeJsonEscaped(String v),unchanged,-0.044090927,negligible,Extract Method,-0.090456807,https://github.com/openzipkin/zipkin/commit/d3a83b8883e336b9566b73e03d9cfdceceaa4530
zipkin,5b6efdc70a83fca6e9b09bf8df5a3a861caebf9e,1516504774,public static zipkin.Span zipkin.internal.V2SpanConverter.toSpan(Span in),unchanged,0.001558115,negligible,Change Variable Type,-6.12244898,https://github.com/openzipkin/zipkin/commit/5b6efdc70a83fca6e9b09bf8df5a3a861caebf9e
zipkin,dc9de8ba44ef6dd65efa5e298e175bae06e12cbf,1503295390,public static int zipkin.internal.Buffer.jsonEscapedSizeInBytes(String v),unchanged,0.1282302538116491,negligible,Change Method Access Modifier,-10.78118798,https://github.com/openzipkin/zipkin/commit/dc9de8ba44ef6dd65efa5e298e175bae06e12cbf
zipkin,8423afc56c0bdc4bfca15ec43b5add974c383405,1566454129,public HttpCall<Void> zipkin2.elasticsearch.internal.BulkCallBuilder.build(),improvement,0.9385761336629456,large,Change Variable Type,-84.58639373,https://github.com/openzipkin/zipkin/commit/8423afc56c0bdc4bfca15ec43b5add974c383405
zipkin,a485efed550f838070b8ce6eef1230dfed9b27da,1501838443,public static Span zipkin.internal.Span2Converter.toSpan(Span2 in),regression,-0.375734034,medium,Extract Variable,15.354330708661418,https://github.com/openzipkin/zipkin/commit/a485efed550f838070b8ce6eef1230dfed9b27da
zipkin,806db7bbbac08f7fa9e63ebcf7bf02f08f805c0d,1482369290,Buffer zipkin.internal.Buffer.writeAscii(String v),unchanged,0.084022346,negligible,Change Variable Type,-2.104527452,https://github.com/openzipkin/zipkin/commit/806db7bbbac08f7fa9e63ebcf7bf02f08f805c0d
zipkin,90342b4b5fa36ec844de4dd68ebe6ab74c5e142d,1473926380,public static long zipkin.internal.Util.lowerHexToUnsignedLong(String lowerHex),unchanged,-0.259259259,small,Change Variable Type,21.54442877291961,https://github.com/openzipkin/zipkin/commit/90342b4b5fa36ec844de4dd68ebe6ab74c5e142d
zipkin,74afc316587aef9cb318296654340fb3461b1391,1563235511,public static ReadBuffer zipkin2.internal.ReadBuffer.wrapUnsafe(ByteBuffer buffer),unchanged,-0.046782376,negligible,Inline Variable,3.461438362106359,https://github.com/openzipkin/zipkin/commit/74afc316587aef9cb318296654340fb3461b1391
client-java,fd9da3e7f756dc9c119108ebf6dbe88cda9a740c,1643896466,public void io.prometheus.client.CKMSQuantiles.insert(double value),unchanged,0.02963229,negligible,Extract Method,-0.146914789,https://github.com/prometheus/client_java/commit/fd9da3e7f756dc9c119108ebf6dbe88cda9a740c
client-java,fd9da3e7f756dc9c119108ebf6dbe88cda9a740c,1643896466,public double io.prometheus.client.CKMSQuantiles.get(double q),regression,-0.954211719,large,Extract Method + Change Variable Type,12.48396750748183,https://github.com/prometheus/client_java/commit/fd9da3e7f756dc9c119108ebf6dbe88cda9a740c
client-java,37503bcc71edff0382b106a252308f341ba57a99,1430738788,public void io.prometheus.client.DoubleAdder.add(double x),unchanged,0.1361219938346406,negligible,Change Variable Type,-0.951927653,https://github.com/prometheus/client_java/commit/37503bcc71edff0382b106a252308f341ba57a99
fastjson2,bf6193f31ab5438669ddb4aac58614842c07c069,1709447505,"public final void com.alibaba.fastjson2.JSONWriterUTF16.writeBigInt(BigInteger value, long features)",regression,-0.210501032,small,Extract Variable,6.808588731877409,https://github.com/alibaba/fastjson2/commit/bf6193f31ab5438669ddb4aac58614842c07c069
fastjson2,05e9a0a33beab425aebd1156d50f37e6c327a474,1653303554,public static JSONWriter com.alibaba.fastjson2.JSONWriter.of(),unchanged,0.1136208673837928,negligible,Change Variable Type,-4.232804233,https://github.com/alibaba/fastjson2/commit/05e9a0a33beab425aebd1156d50f37e6c327a474
fastjson2,67e1e7468465f8ebcbdba5a37ab0f416fb0bf8b8,1703910668,public List com.alibaba.fastjson2.JSONReader.readArray(),regression,-0.446506733,medium,Extract Method,9.864731111844277,https://github.com/alibaba/fastjson2/commit/67e1e7468465f8ebcbdba5a37ab0f416fb0bf8b8
fastjson2,31c859fea83d1b5431b8ae9a552ef618751ab2a3,1673353203,"public Object com.alibaba.fastjson2.reader.ObjectReaderImplLocalDateTime.readObject(JSONReader jsonReader, Type fieldType, Object fieldName, long features)",unchanged,-0.210834103,small,Extract Variable,5.365622032288699,https://github.com/alibaba/fastjson2/commit/31c859fea83d1b5431b8ae9a552ef618751ab2a3
fastjson2,bfd23e08f6d8aee587ca96bd69003ee03014464b,1672881739,public void com.alibaba.fastjson2.JSONWriterJSONB.writeDecimal(BigDecimal value),unchanged,0.2058029689608637,small,Extract Variable,-6.145072408,https://github.com/alibaba/fastjson2/commit/bfd23e08f6d8aee587ca96bd69003ee03014464b
fastjson2,8d73538af50f1f973a4870fbab74d26e9507b548,1660585188,"public ObjectWriter com.alibaba.fastjson2.writer.FieldWriterObject<T>.getObjectWriter(JSONWriter jsonWriter, Class valueClass)",regression,-0.203438832,small,Extract Variable,4.5,https://github.com/alibaba/fastjson2/commit/8d73538af50f1f973a4870fbab74d26e9507b548
fastjson2,cf242485b488762f832d85a88e48b30183d1288a,1689471978,"public ObjectReader com.alibaba.fastjson2.JSONReaderJSONB.checkAutoType(Class expectClass, long expectClassHash, long features)",unchanged,0.1381503082918414,negligible,Extract Method + Remove Method Modifier,-2.285141569,https://github.com/alibaba/fastjson2/commit/cf242485b488762f832d85a88e48b30183d1288a
fastjson2,9f10cb5c9a5219e097f644ed43df57153894afb9,1668941024,public Object com.alibaba.fastjson2.JSONPathTypedMultiNames.extract(JSONReader jsonReader),unchanged,-0.012206261,negligible,Change Variable Type,-0.282015126,https://github.com/alibaba/fastjson2/commit/9f10cb5c9a5219e097f644ed43df57153894afb9
fastjson2,760cd5204b452fe989c179e56bca60056ef72c32,1715449207,"public void com.alibaba.fastjson2.writer.ObjectWriterImplZonedDateTime.writeJSONB(JSONWriter jsonWriter, Object object, Object fieldName, Type fieldType, long features)",regression,-0.382075472,medium,Extract Variable,10.979953635848714,https://github.com/alibaba/fastjson2/commit/760cd5204b452fe989c179e56bca60056ef72c32
fastjson2,2fd5d439f021dd844e9f139fe9ce41c319bc1336,1699165679,"public <T> FieldReader com.alibaba.fastjson2.reader.ObjectReaderCreator.createFieldReaderMethod( Class<T> objectClass, Type objectType, String fieldName, int ordinal, long features, String format, Locale locale, Object defaultValue, String schema, Type fieldType, Class fieldClass, Method method, ObjectReader initReader )",regression,-0.433641975,medium,Extract Variable,50.89241177037282,https://github.com/alibaba/fastjson2/commit/2fd5d439f021dd844e9f139fe9ce41c319bc1336
fastjson2,a037d802f8a57a4fe68de781091abafa66ec3de7,1693913029,"public static int com.alibaba.fastjson2.util.IOUtils.writeDecimal(byte[] buf, int off, long unscaledVal, int scale)",unchanged,-0.027718495,negligible,Extract Variable,7.589478223372143,https://github.com/alibaba/fastjson2/commit/a037d802f8a57a4fe68de781091abafa66ec3de7
fastjson2,ab9500c5b4bc95b8724fd53689184b6fd9e3e5e8,1671007162,public LocalDateTime com.alibaba.fastjson2.JSONReader.readLocalDateTime(),unchanged,-0.051851852,negligible,Extract Variable,0.8462283707059389,https://github.com/alibaba/fastjson2/commit/ab9500c5b4bc95b8724fd53689184b6fd9e3e5e8
fastjson2,5e7a0d532aa8834aee4ce9094e31acce7510225b,1669273046,public Number com.alibaba.fastjson2.JSONReader.getNumber(),unchanged,0.046456909,negligible,Extract Variable,-8.298572997,https://github.com/alibaba/fastjson2/commit/5e7a0d532aa8834aee4ce9094e31acce7510225b
fastjson2,e188f0215667a88fdb278f71635d6f426a6b339b,1683559926,"public final Map<String, Object> com.alibaba.fastjson2.JSONReaderJSONB.readObject()",unchanged,0.033380201,negligible,Change Variable Type,-0.185873606,https://github.com/alibaba/fastjson2/commit/e188f0215667a88fdb278f71635d6f426a6b339b
fastjson2,a0be963a48786e5f6a7396b811e1ebea19fae0ab,1709961098,"public boolean com.alibaba.fastjson2.JSONReader.readReference(List list, int i)",regression,-0.932694407,large,Extract Method,238.18298692950503,https://github.com/alibaba/fastjson2/commit/a0be963a48786e5f6a7396b811e1ebea19fae0ab
fastjson2,d6f623b900fc10847f381c80cc09f08ad40246d0,1670161837,public ObjectReader com.alibaba.fastjson2.codec.FieldInfo.getInitReader(),unchanged,-0.058951191,negligible,Extract Variable,2.1904202598419515,https://github.com/alibaba/fastjson2/commit/d6f623b900fc10847f381c80cc09f08ad40246d0
fastjson2,d6f623b900fc10847f381c80cc09f08ad40246d0,1670161837,"protected <T> FieldReader[] com.alibaba.fastjson2.reader.ObjectReaderCreator.createFieldReaders( Class<T> objectClass, Type objectType, BeanInfo beanInfo, boolean fieldBased, ObjectReaderProvider provider )",unchanged,-0.030864198,negligible,Add Parameter,-5.852409158,https://github.com/alibaba/fastjson2/commit/d6f623b900fc10847f381c80cc09f08ad40246d0
fastjson2,d6f623b900fc10847f381c80cc09f08ad40246d0,1670161837,"public ObjectWriter com.alibaba.fastjson2.writer.ObjectWriterCreatorASM.createObjectWriter( Class objectClass, long features, ObjectWriterProvider provider )",improvement,0.1797499799325065,small,Extract Variable + Change Variable Type + Inline Variable,-1.785043217,https://github.com/alibaba/fastjson2/commit/d6f623b900fc10847f381c80cc09f08ad40246d0
fastjson2,a99ea88b804006c1f5fe7aa381f59025c2ee1acf,1689486231,public void com.alibaba.fastjson2.JSONWriterJSONB.writeInt32(int val),unchanged,0.0242656449553001,negligible,Inline Method,-17.00028797,https://github.com/alibaba/fastjson2/commit/a99ea88b804006c1f5fe7aa381f59025c2ee1acf
fastjson2,bb52a519200653e851c584138d230149e35ae64d,1658072352,public void com.alibaba.fastjson2.JSONWriterJSONB.writeString(String str),unchanged,-0.077435764,negligible,Extract Variable,-10.61249242,https://github.com/alibaba/fastjson2/commit/bb52a519200653e851c584138d230149e35ae64d
fastjson2,127031c13d708ef9991e6675075ed91593467f86,1668196235,"public void com.alibaba.fastjson2.util.JdbcSupport.write(JSONWriter jsonWriter, Object object, Object fieldName, Type fieldType, long features)",unchanged,0.043876694,negligible,Extract Variable,-1.022012579,https://github.com/alibaba/fastjson2/commit/127031c13d708ef9991e6675075ed91593467f86
fastjson2,f3a464699e22ebc1523c0247db312564c1de00bc,1683418134,public final void com.alibaba.fastjson2.JSONWriterUTF16.writeOffsetDateTime(OffsetDateTime dateTime),unchanged,0.099573797,negligible,Extract Variable,-0.865693792,https://github.com/alibaba/fastjson2/commit/f3a464699e22ebc1523c0247db312564c1de00bc
fastjson2,b261853449a05f5ea5be3acf542beba7eec0d07c,1653664117,"public Object com.alibaba.fastjson2.reader.ObjectReaderImplMap.readObject(JSONReader jsonReader, long features)",unchanged,-0.075899872,negligible,Change Variable Type,13.758691206543968,https://github.com/alibaba/fastjson2/commit/b261853449a05f5ea5be3acf542beba7eec0d07c
fastjson2,67d6ff7380b8152ec7129a7a1aed5e28c79ab0ab,1692270467,"public static int com.alibaba.fastjson2.util.IOUtils.writeDecimal(byte[] buf, int off, long unscaledVal, int scale)",unchanged,0.048387323,negligible,Change Variable Type,-4.668691641,https://github.com/alibaba/fastjson2/commit/67d6ff7380b8152ec7129a7a1aed5e28c79ab0ab
fastjson2,67d6ff7380b8152ec7129a7a1aed5e28c79ab0ab,1692270467,"public static int com.alibaba.fastjson2.util.IOUtils.writeNano(byte[] bytes, int off, int nano)",unchanged,0.042036164,negligible,Change Variable Type,-1.707684581,https://github.com/alibaba/fastjson2/commit/67d6ff7380b8152ec7129a7a1aed5e28c79ab0ab
fastjson2,710a04338484f65c6edc5f3a6ddf5ca82ab88be5,1670579553,"protected FieldWriter com.alibaba.fastjson2.writer.ObjectWriterCreator.creteFieldWriter( Class objectClass, long writerFeatures, ObjectWriterProvider provider, BeanInfo beanInfo, FieldInfo fieldInfo, Field field )",regression,-0.251942286,small,Extract Variable,11.150401968357508,https://github.com/alibaba/fastjson2/commit/710a04338484f65c6edc5f3a6ddf5ca82ab88be5
fastjson2,4c8a93a38bdd37b324295ec1567fba364c115f11,1679356565,"public void com.alibaba.fastjson2.writer.ObjectWriterImplBigDecimal.writeJSONB(JSONWriter jsonWriter, Object object, Object fieldName, Type fieldType, long features)",unchanged,0.027438017,negligible,Extract Variable,-1.946730093,https://github.com/alibaba/fastjson2/commit/4c8a93a38bdd37b324295ec1567fba364c115f11
fastjson2,e1270ef3f7d360b1f268cfdf7defb19ca945ca8e,1664363389,public final void com.alibaba.fastjson2.JSONWriterUTF16.write(JSONObject map),unchanged,-0.025353524,negligible,Change Parameter Type,2.006359781950333,https://github.com/alibaba/fastjson2/commit/e1270ef3f7d360b1f268cfdf7defb19ca945ca8e
fastjson2,61f6d9ec5e764254ac483e702a246c577e23dff4,1659280758,public Number com.alibaba.fastjson2.JSONReader.getNumber(),unchanged,-0.030123495,negligible,Extract Variable,2.5826446280991737,https://github.com/alibaba/fastjson2/commit/61f6d9ec5e764254ac483e702a246c577e23dff4
fastjson2,16787a1baa65c42e5b26fefde7bbcfc7bdbccc64,1687099934,public static String com.alibaba.fastjson2.internal.processor.CodeGenUtils.fieldReader(int i),improvement,0.5266405421204183,large,Extract Variable,-36.52789012,https://github.com/alibaba/fastjson2/commit/16787a1baa65c42e5b26fefde7bbcfc7bdbccc64
fastjson2,83ed727cadc8831df1c85e108b94ddfb862d493f,1653066093,"public static JSONSchema com.alibaba.fastjson2.schema.JSONSchema.of(JSONObject input, JSONSchema parent)",unchanged,-0.262222222,small,Extract Variable,3.002613124839805,https://github.com/alibaba/fastjson2/commit/83ed727cadc8831df1c85e108b94ddfb862d493f
fastjson2,49be545fcd5a03e7c199e89e39af44269bc191e7,1682599893,public final void com.alibaba.fastjson2.JSONWriterUTF16.writeInt32(int i),unchanged,0.071495207,negligible,Extract Variable,-0.370088168,https://github.com/alibaba/fastjson2/commit/49be545fcd5a03e7c199e89e39af44269bc191e7
fastjson2,49be545fcd5a03e7c199e89e39af44269bc191e7,1682599893,public final void com.alibaba.fastjson2.JSONWriterUTF16.writeInt64(long i),unchanged,0.027700635,negligible,Extract Variable,-0.602883355,https://github.com/alibaba/fastjson2/commit/49be545fcd5a03e7c199e89e39af44269bc191e7
fastjson2,474cc1917ec397e5fd5485c1c97f2388a6f6a97f,1689570900,"public static BigDecimal com.alibaba.fastjson2.util.TypeUtils.parseBigDecimal(char[] bytes, int off, int len)",improvement,0.2143157175519156,small,Extract Variable,-16.47081864,https://github.com/alibaba/fastjson2/commit/474cc1917ec397e5fd5485c1c97f2388a6f6a97f
jdbi,2ec145e817273a3795ee0157a46825f2ce46b7f9,1688240688,"private static Collection<ConfigCustomizer> org.jdbi.v3.core.extension.UseAnnotationConfigCustomizerFactory.buildConfigCustomizer(Class<?> extensionType, Method method, Stream<AnnotatedElement> elements, ConfigurerMethod consumer)",unchanged,0.087007874,negligible,Add Parameter,-17.78095761,https://github.com/jdbi/jdbi/commit/2ec145e817273a3795ee0157a46825f2ce46b7f9
jdbi,102876d0470d99bb45765a798bb9eaf4bc05674d,1675917016,public void org.jdbi.v3.sqlobject.SqlObjectPlugin.customizeJdbi(Jdbi db),unchanged,-0.125,negligible,Change Variable Type,4.719833881220825,https://github.com/jdbi/jdbi/commit/102876d0470d99bb45765a798bb9eaf4bc05674d
jdbi,102876d0470d99bb45765a798bb9eaf4bc05674d,1675917016,public boolean org.jdbi.v3.sqlobject.SqlObjectFactory.accepts(Class<?> extensionType),unchanged,-0.005698006,negligible,Inline Method,1.670214630036275,https://github.com/jdbi/jdbi/commit/102876d0470d99bb45765a798bb9eaf4bc05674d
jdbi,aca3c61ae6408843cbeb810f5a176c0f7802f094,1662574772,public PreparedBatch org.jdbi.v3.core.Handle.prepareBatch(String sql),regression,-0.841782983,large,Extract Method,27.87920660372981,https://github.com/jdbi/jdbi/commit/aca3c61ae6408843cbeb810f5a176c0f7802f094
jdbi,aca3c61ae6408843cbeb810f5a176c0f7802f094,1662574772,public Call org.jdbi.v3.core.Handle.createCall(String sql),regression,-0.833333333,large,Extract Method,22.627517266170543,https://github.com/jdbi/jdbi/commit/aca3c61ae6408843cbeb810f5a176c0f7802f094
jdbi,7e8090d9a5d50bd14acf776f4b3382842668f7a5,1703785386,public ResultIterator<T> org.jdbi.v3.core.result.internal.ResultSetResultIterable<T>.iterator(),unchanged,0.091929366,negligible,Inline Variable,-0.787257415,https://github.com/jdbi/jdbi/commit/7e8090d9a5d50bd14acf776f4b3382842668f7a5
jdbi,c46b9bbd82fab5f7caa0c5cec5a8457a889a1222,1552435461,"public static Optional<Type> org.jdbi.v3.core.generic.GenericTypes.findGenericParameter(Type type, Class<?> parameterizedSupertype, int n)",improvement,0.4887260437991981,large,Inline Variable,-23.66898148,https://github.com/jdbi/jdbi/commit/c46b9bbd82fab5f7caa0c5cec5a8457a889a1222
jdbi,37b8329ccc9e5332b01445413af1cd74e9f9da26,1600287188,"public Optional<Argument> org.jdbi.v3.core.argument.Arguments.findFor(QualifiedType<?> type, Object value)",unchanged,-0.286694102,small,Extract Variable,155.60808844922897,https://github.com/jdbi/jdbi/commit/37b8329ccc9e5332b01445413af1cd74e9f9da26
jdbi,f2eb8dc4dccba41ffe546b2afdf0e95e19009488,1653783487,private ExecutedBatch org.jdbi.v3.core.statement.PreparedBatch.internalBatchExecute(),unchanged,-0.001264661,negligible,Change Variable Type,-0.738062634,https://github.com/jdbi/jdbi/commit/f2eb8dc4dccba41ffe546b2afdf0e95e19009488
jdbi,e7a819593ff7bdcf71aa8ff8fe2a8ac7f95972c0,1602807574,"PreparedBatch org.jdbi.v3.core.statement.PreparedBatch.bindNamedArgumentFinder(NamedArgumentFinderFactory<?> factory, String prefix, Object value, Type type, Supplier<NamedArgumentFinder> backupArgumentFinder)",improvement,0.2719080674685147,small,Add Parameter,-2.417582418,https://github.com/jdbi/jdbi/commit/e7a819593ff7bdcf71aa8ff8fe2a8ac7f95972c0
jdbi,55ae3628f95a17f4ad6443e1c46cdd1bb7efc400,1574035129,public int org.jdbi.v3.core.qualifier.QualifiedType<T>.hashCode(),unchanged,-0.054349465,negligible,Extract Variable,0.534759358,https://github.com/jdbi/jdbi/commit/55ae3628f95a17f4ad6443e1c46cdd1bb7efc400
jdbi,ab0b3710a0a209df8eaab9a69e93f1a9a870bc2a,1600219421,public Optional<RowMapper<?>> org.jdbi.v3.core.mapper.RowMappers.findFor(Type type),unchanged,0.113384648389448,negligible,Change Variable Type,-0.670780789,https://github.com/jdbi/jdbi/commit/ab0b3710a0a209df8eaab9a69e93f1a9a870bc2a
jdbi,ab0b3710a0a209df8eaab9a69e93f1a9a870bc2a,1600219421,public <T> Optional<ColumnMapper<T>> org.jdbi.v3.core.mapper.ColumnMappers.findFor(QualifiedType<T> type),unchanged,0.04456795,negligible,Add Method Annotation,-0.936402653,https://github.com/jdbi/jdbi/commit/ab0b3710a0a209df8eaab9a69e93f1a9a870bc2a
jdbi,cc3847b646d2e71b80624e86428af4cab2c95f68,1687805395,public Optional<RowMapper<?>> org.jdbi.v3.core.mapper.RowMappers.findFor(Type type),improvement,0.3969811086264342,medium,Extract Variable,-3.327693175,https://github.com/jdbi/jdbi/commit/cc3847b646d2e71b80624e86428af4cab2c95f68
jdbi,aad0b605631763fa4262f43a960fc8c92f9ecc4f,1569734877,"public final Optional<Argument> org.jdbi.v3.core.argument.AbstractArgumentFactory<T>.build(Type type, Object value, ConfigRegistry config)",improvement,0.3194343692269003,small,Extract Method + Remove Method Annotation,-14.68416927,https://github.com/jdbi/jdbi/commit/aad0b605631763fa4262f43a960fc8c92f9ecc4f
jdbi,110b71d27f398f8e44e09fff8e228aa59d9cb394,1640483561,"public Object invoke(Object target, Object[] args, HandleSupplier h)",unchanged,-0.097222222,negligible,Add Method Annotation,11.467894902065206,https://github.com/jdbi/jdbi/commit/110b71d27f398f8e44e09fff8e228aa59d9cb394
jdbi,94d22c6f706ab22ba7b281bc45a3ebd1c79cb485,1686678747,Type getParameterType(Parameter parameter),improvement,0.2308168316831683,small,Add Variable Modifier,-17.84589195,https://github.com/jdbi/jdbi/commit/94d22c6f706ab22ba7b281bc45a3ebd1c79cb485
jdbi,be9a4e7ce2e3b01aa6df6400b512727b272053e7,1574197135,"Function<Object, Argument> org.jdbi.v3.core.statement.PreparedBatch.buildArgument(QualifiedType<?> type)",unchanged,0.04991083,negligible,Inline Variable,-13.69326326,https://github.com/jdbi/jdbi/commit/be9a4e7ce2e3b01aa6df6400b512727b272053e7
jdbi,a53d152527e7faa4e91553a0625235024b2da862,1679675208,"public static Optional<Type> org.jdbi.v3.core.generic.GenericTypes.findGenericParameter(Type type, Class<?> parameterizedSupertype, int n)",unchanged,0.2839506172839506,small,Add Method Annotation,-9.832040188,https://github.com/jdbi/jdbi/commit/a53d152527e7faa4e91553a0625235024b2da862
jdbi,d9cb04e81cb1feac3a676b1da829e3f95df8a029,1574192017,"Function<Object, Argument> org.jdbi.v3.core.statement.PreparedBatch.buildArgument(QualifiedType<?> type)",improvement,0.1658834927595835,small,Extract Variable,-33.14860845,https://github.com/jdbi/jdbi/commit/d9cb04e81cb1feac3a676b1da829e3f95df8a029
feign,9875a16f4ad3117904dde1c5a5ce3d08de7d1009,1532393630,"public static Request feign.Request.create(String method, String url, Map<String, Collection<String>> headers, byte[] body, Charset charset)",regression,-0.677775621,large,Change Parameter Type,130.49242424242425,https://github.com/OpenFeign/feign/commit/9875a16f4ad3117904dde1c5a5ce3d08de7d1009
feign,bc8b4b1fc53f0fc0911f486a5150fedab6813798,1698393769,public Object feign.InvocationContext.proceed(),regression,-0.154023008,small,Extract Method,1.3824884792626728,https://github.com/OpenFeign/feign/commit/bc8b4b1fc53f0fc0911f486a5150fedab6813798
feign,9ed47d5d25ef2bbb39dcb19306c1308d71247eb6,1523830572,public String feign.RequestTemplate.queryLine(),regression,-0.367883492,medium,Extract Variable,4.6875,https://github.com/OpenFeign/feign/commit/9ed47d5d25ef2bbb39dcb19306c1308d71247eb6
feign,eed6dbe51c41bf6f0a2fdba69de991172fdf3a84,1718195630,public Charset feign.Response.charset(),unchanged,0.032656065,negligible,Extract Variable,-6.641221374,https://github.com/OpenFeign/feign/commit/eed6dbe51c41bf6f0a2fdba69de991172fdf3a84
feign,3d5f5ecce760d3a8fd6a80501b77272695209612,1693940682,"public Object feign.ResponseHandler.handleResponse(String configKey, Response response, Type returnType, long elapsedTime)",unchanged,-0.029205287,negligible,Inline Method,0.442680506792856,https://github.com/OpenFeign/feign/commit/3d5f5ecce760d3a8fd6a80501b77272695209612
feign,a7b7c01806324126dd844a9a912e309754bc4dc9,1577460373,"public String feign.template.QueryTemplate.expand(Map<String, ?> variables)",unchanged,-0.13900544,negligible,Remove Method Annotation,2.9585798816568047,https://github.com/OpenFeign/feign/commit/a7b7c01806324126dd844a9a912e309754bc4dc9
feign,262488506ffafbedfa7215fa42efccfd3f3b470c,1571705322,"public static Request feign.Request.create(HttpMethod httpMethod, String url, Map<String, Collection<String>> headers, Body body, RequestTemplate requestTemplate)",unchanged,-0.085433263,negligible,Extract Method + Add Method Annotation,1.0869565217391304,https://github.com/OpenFeign/feign/commit/262488506ffafbedfa7215fa42efccfd3f3b470c
feign,a9e631ac9beed8a59b52b480f75231695624c2a0,1583744849,"protected final void feign.DeclarativeContract.processAnnotationOnClass(MethodMetadata data, Class<?> targetType)",regression,-0.27050829,small,Extract Variable,11.511971138078058,https://github.com/OpenFeign/feign/commit/a9e631ac9beed8a59b52b480f75231695624c2a0
feign,a9e631ac9beed8a59b52b480f75231695624c2a0,1583744849,"protected final void feign.DeclarativeContract.processAnnotationOnMethod(MethodMetadata data, Annotation annotation, Method method)",unchanged,-0.054668358,negligible,Extract Variable,4.531645569620253,https://github.com/OpenFeign/feign/commit/a9e631ac9beed8a59b52b480f75231695624c2a0
feign,a9e631ac9beed8a59b52b480f75231695624c2a0,1583744849,"protected final boolean feign.DeclarativeContract.processAnnotationsOnParameter(MethodMetadata data, Annotation[] annotations, int paramIndex)",regression,-0.215644681,small,Extract Variable,30.72100313479624,https://github.com/OpenFeign/feign/commit/a9e631ac9beed8a59b52b480f75231695624c2a0
feign,f8ad8670e3dc73862f52eec475464a301e8c41cc,1609274053,"public String feign.template.HeaderTemplate.expand(Map<String, ?> variables)",unchanged,0.080288806,negligible,Remove Method Annotation,47.368421052631575,https://github.com/OpenFeign/feign/commit/f8ad8670e3dc73862f52eec475464a301e8c41cc
feign,b6db37ee3ad7990809425da225c413defa4ce786,1582767305,"Object feign.SynchronousMethodHandler.executeAndDecode(RequestTemplate template, Options options)",unchanged,-0.04718897,negligible,Inline Method,1.455026455026455,https://github.com/OpenFeign/feign/commit/b6db37ee3ad7990809425da225c413defa4ce786
feign,92b2f511a991031cf1e4a1839e08249a5841f9d7,1665100083,"private RequestTemplate feign.RequestTemplate.appendHeader(String name, Iterable<String> values)",regression,-1.0,large,Extract Method,1870.507813,https://github.com/OpenFeign/feign/commit/92b2f511a991031cf1e4a1839e08249a5841f9d7
feign,246df3746ac3af05945a170940ff7e78a97ce038,1550010332,public RequestTemplate feign.RequestTemplate.target(String target),regression,-0.147766558,small,Change Variable Type,5.286343612334802,https://github.com/OpenFeign/feign/commit/246df3746ac3af05945a170940ff7e78a97ce038
feign,089a59f98076d64b3086b98366ebbf0d2114769b,1551732983,"public String feign.template.Template.expand(Map<String, ?> variables)",unchanged,0.024252979,negligible,Extract Method,-0.591715976,https://github.com/OpenFeign/feign/commit/089a59f98076d64b3086b98366ebbf0d2114769b
feign,7230f7c6eea82eb2b340e5d2e76cba1cf87bcf13,1651240346,"public Object feign.stream.StreamDecoder.decode(Response response, Type type)",unchanged,0.054887437,negligible,Extract Method,-20.54794521,https://github.com/OpenFeign/feign/commit/7230f7c6eea82eb2b340e5d2e76cba1cf87bcf13
feign,fdc7bc2fb85ef6c816f36750ece1a18fa80d4ef3,1655154186,"public feign.Response feign.okhttp.OkHttpClient.execute(feign.Request input, feign.Request.Options options)",unchanged,-0.126654203,negligible,Extract Method,6.856774089460735,https://github.com/OpenFeign/feign/commit/fdc7bc2fb85ef6c816f36750ece1a18fa80d4ef3
jersey,c30060f99fba9848b01574f1440d0b5d4265692c,1670269445,public MediaType org.glassfish.jersey.message.internal.InboundMessageContext.getMediaType(),improvement,1.0,large,Extract Method,-66.26506024,https://github.com/eclipse-ee4j/jersey/commit/c30060f99fba9848b01574f1440d0b5d4265692c
jersey,7bf9e5da763490129975eb2237214b924983ca71,1611661045,"private boolean org.glassfish.jersey.server.ResourceModelConfigurator.bindWithComponentProvider( Class<?> component, ContractProvider providerModel, Iterable<ComponentProvider> componentProviders)",unchanged,-0.102752976,negligible,Inline Variable,3.820966892247842,https://github.com/eclipse-ee4j/jersey/commit/7bf9e5da763490129975eb2237214b924983ca71
jersey,11d6c112a5391aed95ecc58d41058ac2f13e23bc,1589482707,public Response org.glassfish.jersey.client.JerseyInvocation.invoke(),regression,-0.281007472,small,Extract Method,3.322864322,https://github.com/eclipse-ee4j/jersey/commit/11d6c112a5391aed95ecc58d41058ac2f13e23bc
jersey,2299c0bd7e32420b08857a2aba16dd77dd13f7a1,1644570890,public static boolean org.glassfish.jersey.internal.config.ExternalPropertiesConfigurationFactory.configure(Configurable config),unchanged,0.2465277777777778,small,Extract Method,-6.233143182,https://github.com/eclipse-ee4j/jersey/commit/2299c0bd7e32420b08857a2aba16dd77dd13f7a1
jersey,81c2d32da43ad266e5a3992e4e95fcc76fcc921f,1580927526,"protected void org.glassfish.jersey.jackson.internal.jackson.jaxrs.json.JsonEndpointConfig.addAnnotation(Class<? extends Annotation> type, Annotation annotation, boolean forWriting)",unchanged,0.097777778,negligible,Remove Method Annotation,16.189493127614494,https://github.com/eclipse-ee4j/jersey/commit/81c2d32da43ad266e5a3992e4e95fcc76fcc921f
